"","Observed","Chao1","se.chao1","ACE","se.ACE","Shannon","Simpson","InvSimpson","Fisher"
"Pin25307",3442,3442,0,NA,NA,7.3574506719802,0.998395568616499,623.273771806972,425.67297781343
"Pin25708",3369,3369,0,NA,NA,7.14473750371517,0.997771233572453,448.678689538773,415.389111964441
"Pin25825",3544,3544,0,NA,NA,7.4602059023719,0.998760620224192,806.855186375976,440.100994499239
"Pin27584",3405,3405,0,NA,NA,7.07358600723826,0.996828025817902,315.26107798855,420.456182192774
"Pin35790",3569,3569,0,NA,NA,7.13702895249508,0.9973224900704,373.481341355592,443.647597167687
"Pin35791",3780,3780,0,3780,1.41383938229977,7.39303350785415,0.998460440020367,649.536239723806,473.739529517144
